<?xml version="1.0" encoding="UTF-8" ?>
<!-- G1 xml file- 2 endpoint portals -->
<tnw-gateway version="1.0">
<daemon>
<monitor interval="1">
</monitor>
<daemon-monitor topic="drotopic">
 <lbm-config>tnwgd_dmonitor.cfg</lbm-config>
 <publishing-interval>
  <group name="default" ivl="1"/>
  <group name="gateway-config" ivl="1"/>
  <group name="portal-config" ivl="1"/>
 </publishing-interval>
 <remote-snapshot-request allow="1"/>
 <remote-config-changes-request allow="1"/>
</daemon-monitor>
</daemon>
<portals>

<endpoint>
 <name>MONITORING-TRD1</name>
 <domain-id>1</domain-id>
 <lbm-config>TRD1.cfg</lbm-config>
 </endpoint>

  <peer>
    <name>TUNNEL_TO_LAN2</name>
    <single-tcp>
      <interface>10.29.2.146/24</interface>
      <initiator>
        <address>10.29.2.146</address>
        <port>26123</port>
      </initiator>
    </single-tcp>
  </peer>
     
</portals>
</tnw-gateway>
